,0
0,000
1,007
2,10
3,100
4,11
5,12
6,13
7,13th
8,15
9,16
10,17
11,1930s
12,1933
13,1939
14,1940s
15,1950s
16,1956
17,1960s
18,1961
19,1963
20,1964
21,1966
22,1968
23,1970s
24,1974
25,1975
26,1976
27,1979
28,1980
29,1982
30,1985
31,1989
32,1992
33,1993
34,1995
35,1996
36,1997
37,1998
38,1999
39,20
40,2000
41,2001
42,2008
43,20th
44,25
45,30
46,30s
47,40
48,40s
49,45
50,50
51,50s
52,60
53,60s
54,70
55,70s
56,80
57,80s
58,85
59,90
60,90s
61,95
62,abel
63,ability
64,able
65,ably
66,abound
67,about
68,above
69,absence
70,absent
71,absolute
72,absolutely
73,absorbed
74,absorbing
75,abstract
76,absurd
77,absurdist
78,absurdities
79,absurdity
80,abundance
81,abuse
82,abyss
83,academy
84,accent
85,accept
86,acceptable
87,accessible
88,accomplished
89,accomplishes
90,accomplishment
91,according
92,account
93,accurate
94,ace
95,acerbic
96,achieve
97,achieved
98,achievement
99,achievements
100,achieves
101,achieving
102,aching
103,across
104,act
105,acted
106,acting
107,action
108,actor
109,actors
110,actress
111,actresses
112,acts
113,actual
114,actually
115,adam
116,adams
117,adaptation
118,adaptations
119,adapted
120,adapting
121,add
122,addams
123,added
124,adding
125,addition
126,adds
127,adept
128,adequate
129,admirable
130,admirably
131,admiration
132,admire
133,admired
134,admission
135,admit
136,adolescence
137,adolescent
138,adorable
139,adrenaline
140,adroitly
141,ads
142,adult
143,adults
144,advance
145,advantage
146,adventure
147,adventures
148,adventurous
149,advice
150,advised
151,aerial
152,aesthetic
153,affable
154,affair
155,affected
156,affecting
157,affection
158,affectionate
159,affirming
160,affleck
161,afford
162,aficionados
163,afloat
164,afraid
165,africa
166,african
167,after
168,afternoon
169,afterward
170,again
171,against
172,age
173,aged
174,ageless
175,agenda
176,agent
177,ages
178,aging
179,ago
180,agony
181,agreeable
182,agreeably
183,ahead
184,aids
185,aim
186,aimed
187,aiming
188,aimless
189,aims
190,ain
191,air
192,airplane
193,al
194,alan
195,alas
196,albeit
197,album
198,alert
199,alexander
200,alfred
201,ali
202,alice
203,alien
204,aliens
205,alike
206,alive
207,all
208,allegory
209,allen
210,allow
211,allowed
212,allowing
213,allows
214,allure
215,almodovar
216,almost
217,alone
218,along
219,already
220,also
221,alter
222,alternately
223,alternative
224,although
225,altman
226,altogether
227,always
228,am
229,amadeus
230,amalgam
231,amateur
232,amateurish
233,amazing
234,amazingly
235,ambiguity
236,ambiguous
237,ambition
238,ambitions
239,ambitious
240,america
241,american
242,americans
243,amiable
244,amiably
245,amid
246,amistad
247,amityville
248,among
249,amoral
250,amount
251,amounts
252,ample
253,amused
254,amusement
255,amusing
256,amusingly
257,amy
258,an
259,analysis
260,anarchy
261,ancient
262,and
263,anderson
264,andrew
265,andy
266,anemic
267,angel
268,angela
269,angeles
270,angels
271,anger
272,angle
273,angles
274,angry
275,angst
276,animal
277,animals
278,animated
279,animation
280,animators
281,aniston
282,ann
283,anne
284,annoying
285,annoyingly
286,anonymous
287,another
288,answer
289,answers
290,anthony
291,anti
292,antics
293,antz
294,any
295,anybody
296,anymore
297,anyone
298,anything
299,anyway
300,anywhere
301,apart
302,apartment
303,ape
304,apes
305,apocalypse
306,apocalyptic
307,apollo
308,appalling
309,apparent
310,apparently
311,appeal
312,appealing
313,appealingly
314,appear
315,appearance
316,appears
317,appreciate
318,appreciated
319,appreciation
320,approach
321,approached
322,approaches
323,appropriate
324,appropriately
325,apt
326,apu
327,arbitrary
328,arc
329,arch
330,archetypal
331,archetypes
332,are
333,areas
334,aren
335,arguably
336,argue
337,argument
338,ark
339,arm
340,armageddon
341,army
342,arnold
343,aronofsky
344,around
345,arresting
346,arrival
347,arrived
348,arrives
349,art
350,artful
351,artfully
352,arthur
353,articulate
354,artificial
355,artist
356,artistic
357,artistry
358,artists
359,arts
360,arty
361,as
362,ashby
363,ashes
364,aside
365,ask
366,asked
367,asking
368,asks
369,aspect
370,aspects
371,aspirations
372,aspire
373,aspires
374,aspiring
375,assassin
376,assassination
377,assault
378,assembled
379,assembly
380,associated
381,association
382,assorted
383,assumption
384,assurance
385,assured
386,astaire
387,astonishing
388,astonishingly
389,astounding
390,astute
391,at
392,athlete
393,atmosphere
394,atmospheric
395,attack
396,attacks
397,attempt
398,attempting
399,attempts
400,attention
401,attitude
402,attitudes
403,attraction
404,attractive
405,audacious
406,audacity
407,audience
408,audiences
409,audrey
410,august
411,aura
412,austen
413,austin
414,australian
415,authentic
416,authenticity
417,author
418,authority
419,available
420,average
421,aviva
422,avoid
423,avoided
424,avoids
425,awake
426,award
427,aware
428,awareness
429,away
430,awe
431,awesome
432,awful
433,awfully
434,awkward
435,awkwardly
436,aykroyd
437,babe
438,baby
439,back
440,background
441,backgrounds
442,backstage
443,bacon
444,bad
445,badly
446,bag
447,baggage
448,baked
449,balance
450,balanced
451,balances
452,balancing
453,baldwin
454,ball
455,ballad
456,banal
457,band
458,banderas
459,bandits
460,bang
461,bank
462,banter
463,bar
464,barcelona
465,bard
466,bare
467,barely
468,baroque
469,barrage
470,barren
471,barry
472,barrymore
473,base
474,baseball
475,based
476,basement
477,basic
478,basically
479,basis
480,basketball
481,bassett
482,bathroom
483,batman
484,battle
485,battles
486,bawdy
487,be
488,beach
489,bear
490,bearings
491,bears
492,beast
493,beat
494,beatles
495,beats
496,beatty
497,beautiful
498,beautifully
499,beauty
500,beavis
501,became
502,because
503,become
504,becomes
505,becoming
506,bed
507,been
508,beer
509,before
510,began
511,begin
512,beginning
513,begins
514,beguiling
515,begun
516,behave
517,behavior
518,behaviour
519,behind
520,behold
521,beholder
522,being
523,beings
524,belief
525,believable
526,believe
527,believed
528,believing
529,belly
530,belong
531,belongs
532,beloved
533,below
534,belt
535,bemused
536,ben
537,bending
538,beneath
539,benefit
540,benefits
541,benign
542,benigni
543,bening
544,bent
545,benton
546,beresford
547,bergman
548,berkowitz
549,bertino
550,bertolucci
551,besides
552,besson
553,best
554,bet
555,betrayal
556,bette
557,better
558,between
559,beverly
560,beyond
561,biblical
562,bicycle
563,big
564,bigger
565,biggest
566,bigotry
567,bill
568,billy
569,bio
570,biographical
571,biography
572,biopic
573,bird
574,bit
575,bite
576,biter
577,bites
578,biting
579,bits
580,bitter
581,bittersweet
582,biz
583,bizarre
584,black
585,blade
586,blair
587,blake
588,blame
589,bland
590,blandness
591,blank
592,blast
593,blatantly
594,blaustein
595,bleak
596,blend
597,blender
598,blending
599,blends
600,blind
601,blithe
602,bloated
603,blockbuster
604,blockbusters
605,blood
606,bloodbath
607,blooded
608,bloodless
609,bloody
610,blow
611,blowing
612,blown
613,blows
614,blue
615,blues
616,blunt
617,board
618,boasts
619,bob
620,bobby
621,bodies
622,body
623,bog
624,boggling
625,bogus
626,boiled
627,boiler
628,boisterous
629,bold
630,boldly
631,bolts
632,bond
633,bonding
634,bonds
635,bone
636,bones
637,boo
638,boogie
639,book
640,books
641,boom
642,boorman
643,boost
644,boot
645,borderline
646,bore
647,bored
648,boredom
649,boring
650,born
651,borrowed
652,borrows
653,both
654,bother
655,bothered
656,bottom
657,bounce
658,bouncing
659,bound
660,boundaries
661,bowfinger
662,box
663,boy
664,boyle
665,boys
666,bracing
667,bracingly
668,brad
669,brady
670,brain
671,brains
672,branagh
673,brand
674,brando
675,brandon
676,brash
677,bravado
678,brave
679,braveheart
680,bravely
681,bravery
682,bravura
683,brazen
684,break
685,breakfast
686,breaking
687,breakneck
688,breaks
689,breakthrough
690,breath
691,breathe
692,breathing
693,breathless
694,breathtaking
695,breathtakingly
696,breezy
697,brian
698,bride
699,bridge
700,bridges
701,brief
702,bright
703,brightest
704,brilliance
705,brilliant
706,brilliantly
707,brimming
708,brims
709,bring
710,bringing
711,brings
712,brisk
713,briskly
714,britain
715,british
716,brittle
717,broad
718,broadway
719,broderick
720,broke
721,broken
722,bronx
723,brooding
724,brooks
725,brother
726,brothers
727,brought
728,brow
729,brown
730,bruce
731,bruckheimer
732,brutal
733,brutality
734,brutally
735,bryan
736,bubbles
737,buddy
738,budget
739,bug
740,bugs
741,build
742,building
743,builds
744,built
745,bull
746,bulletproof
747,bullets
748,bullock
749,bumbling
750,bumpy
751,bunch
752,bunny
753,buoyant
754,burden
755,buried
756,burlesque
757,burn
758,burnett
759,burning
760,burns
761,burnt
762,bursts
763,burt
764,burton
765,bus
766,business
767,bust
768,buster
769,busting
770,bustling
771,busy
772,but
773,butt
774,button
775,buttons
776,buy
777,by
778,cable
779,cage
780,caine
781,calculated
782,calculation
783,calendar
784,caliber
785,call
786,called
787,calling
788,calls
789,calm
790,camaraderie
791,came
792,cameo
793,camera
794,camerawork
795,cameron
796,camp
797,campaign
798,campbell
799,campion
800,campy
801,can
802,canadian
803,candidate
804,candy
805,cannot
806,canon
807,canvas
808,capable
809,capacity
810,caper
811,capers
812,capital
813,capote
814,capra
815,capsule
816,captain
817,captivating
818,capture
819,captured
820,captures
821,capturing
822,car
823,card
824,cardboard
825,care
826,career
827,careers
828,careful
829,carefully
830,cares
831,caricature
832,caring
833,carnage
834,caro
835,carpenter
836,carrey
837,carrie
838,carried
839,carries
840,carry
841,carrying
842,cars
843,cartoon
844,cartoonish
845,cartoons
846,cary
847,case
848,casino
849,casper
850,cassavetes
851,cast
852,casting
853,castle
854,casts
855,casual
856,cat
857,catch
858,catches
859,catching
860,category
861,cathartic
862,caught
863,cause
864,caustic
865,cautionary
866,cautious
867,celebrate
868,celebrated
869,celebrates
870,celebrating
871,celebration
872,celebrity
873,celluloid
874,center
875,central
876,century
877,certain
878,certainly
879,cgi
880,chain
881,challenge
882,challenges
883,challenging
884,chamber
885,champagne
886,champion
887,chan
888,chance
889,chances
890,change
891,changed
892,changes
893,changing
894,chaos
895,chaotic
896,chaplin
897,chapter
898,character
899,characteristic
900,characteristically
901,characterization
902,characterizations
903,characters
904,charge
905,charged
906,charisma
907,charismatic
908,charles
909,charlie
910,charlotte
911,charm
912,charming
913,charmless
914,charms
915,chase
916,chases
917,chasing
918,cheap
919,check
920,cheek
921,cheer
922,cheerful
923,cheerfully
924,cheery
925,cheese
926,cheesy
927,chemistry
928,chess
929,chevy
930,chew
931,chic
932,chick
933,chief
934,chiefly
935,child
936,childhood
937,childlike
938,children
939,chill
940,chiller
941,chilling
942,chills
943,chilly
944,china
945,chinatown
946,chinese
947,chips
948,choice
949,choices
950,choose
951,choppy
952,chord
953,choreographed
954,choreography
955,chosen
956,chris
957,christmas
958,christopher
959,chronicle
960,chuckle
961,chuckles
962,churning
963,cinderella
964,cinema
965,cinematic
966,cinematically
967,cinematographer
968,cinematography
969,circle
970,circles
971,circumstances
972,circus
973,citizen
974,city
975,civil
976,claim
977,claims
978,clarity
979,clark
980,clash
981,class
982,classic
983,classical
984,classics
985,classy
986,claude
987,claustrophobia
988,claustrophobic
989,clean
990,clear
991,clearly
992,cleese
993,clever
994,cleverly
995,cleverness
996,cliche
997,cliched
998,cliches
999,cliffhanger
1000,climactic
1001,climax
1002,clinical
1003,clint
1004,clooney
1005,close
1006,closely
1007,closer
1008,closest
1009,closing
1010,clothes
1011,cloying
1012,club
1013,clue
1014,clueless
1015,clumsily
1016,clumsy
1017,clunker
1018,clunky
1019,cluttered
1020,co
1021,coaster
1022,cobain
1023,cobb
1024,cockney
1025,coen
1026,coens
1027,coffee
1028,coherence
1029,coherent
1030,coincidence
1031,coincidences
1032,cold
1033,collaboration
1034,collapse
1035,collapses
1036,collar
1037,collection
1038,collective
1039,college
1040,color
1041,colored
1042,colorful
1043,colors
1044,colourful
1045,columbus
1046,combat
1047,combination
1048,combine
1049,combined
1050,combines
1051,combining
1052,come
1053,comedian
1054,comedic
1055,comedies
1056,comedy
1057,comes
1058,comfort
1059,comfortable
1060,comfortably
1061,comforting
1062,comic
1063,comics
1064,coming
1065,command
1066,commands
1067,commentary
1068,commercial
1069,commitment
1070,committed
1071,common
1072,commonplace
1073,communist
1074,community
1075,company
1076,compare
1077,compared
1078,comparison
1079,compassion
1080,compassionate
1081,compelling
1082,compellingly
1083,compendium
1084,compensate
1085,compensates
1086,competent
1087,competition
1088,complacency
1089,complete
1090,completely
1091,completes
1092,complex
1093,complexities
1094,complexity
1095,complicated
1096,composed
1097,comprehensible
1098,compromise
1099,compromised
1100,computer
1101,con
1102,conceit
1103,conceits
1104,conceived
1105,concept
1106,conception
1107,concern
1108,concerned
1109,concerns
1110,conclusion
1111,concocted
1112,concoction
1113,condescending
1114,condescension
1115,condition
1116,condor
1117,confection
1118,confidence
1119,confident
1120,confidential
1121,confirms
1122,conflict
1123,conflicts
1124,confrontation
1125,confused
1126,confusing
1127,confusion
1128,congratulatory
1129,conjures
1130,connect
1131,connection
1132,connections
1133,connects
1134,connery
1135,connor
1136,conscience
1137,conscious
1138,consciously
1139,consciousness
1140,consequences
1141,consider
1142,considerable
1143,considerably
1144,considered
1145,considering
1146,consistency
1147,consistent
1148,consistently
1149,consists
1150,conspiracy
1151,constant
1152,constantly
1153,constitute
1154,constructed
1155,construction
1156,contact
1157,contained
1158,contains
1159,contemplation
1160,contemporary
1161,contempt
1162,content
1163,contest
1164,context
1165,continually
1166,continue
1167,continues
1168,contrast
1169,contrivance
1170,contrivances
1171,contrived
1172,control
1173,controlled
1174,controversial
1175,conventional
1176,conventions
1177,conversation
1178,conversations
1179,convey
1180,conveys
1181,conviction
1182,convincing
1183,convoluted
1184,cookie
1185,cool
1186,cooler
1187,coolly
1188,cop
1189,coppola
1190,cops
1191,copy
1192,core
1193,corn
1194,cornball
1195,corner
1196,corners
1197,corny
1198,corporate
1199,correct
1200,corrente
1201,corruption
1202,cost
1203,costner
1204,costume
1205,costumes
1206,could
1207,couldn
1208,count
1209,countless
1210,country
1211,counts
1212,couple
1213,couples
1214,courage
1215,courageous
1216,course
1217,court
1218,courtney
1219,courtroom
1220,cousin
1221,cover
1222,covers
1223,coward
1224,cowboy
1225,cox
1226,coy
1227,crack
1228,crackling
1229,craft
1230,crafted
1231,craftsman
1232,craftsmanship
1233,crafty
1234,crammed
1235,crap
1236,crash
1237,crass
1238,craven
1239,crawford
1240,crazed
1241,crazy
1242,create
1243,created
1244,creates
1245,creating
1246,creation
1247,creations
1248,creative
1249,creativity
1250,creator
1251,creators
1252,creature
1253,creatures
1254,credibility
1255,credible
1256,credit
1257,credited
1258,credits
1259,creeps
1260,creepy
1261,crew
1262,crichton
1263,crime
1264,crimes
1265,criminal
1266,crimson
1267,crisis
1268,crisp
1269,cristina
1270,critic
1271,critical
1272,criticism
1273,critics
1274,cronenberg
1275,cross
1276,crosses
1277,crossing
1278,crow
1279,crowd
1280,crowe
1281,crowley
1282,crown
1283,crucial
1284,crucible
1285,crude
1286,crudely
1287,cruel
1288,cruise
1289,cry
1290,crypt
1291,crystal
1292,cuaron
1293,cuddly
1294,cukor
1295,cult
1296,cultural
1297,culture
1298,cultures
1299,cunning
1300,cup
1301,curiosity
1302,curious
1303,curiously
1304,current
1305,currently
1306,curtis
1307,cusack
1308,cut
1309,cute
1310,cuteness
1311,cuts
1312,cutting
1313,cycle
1314,cynical
1315,cynicism
1316,daddy
1317,dahl
1318,daily
1319,damaged
1320,damme
1321,damn
1322,damon
1323,dance
1324,dancing
1325,danger
1326,dangerfield
1327,dangerous
1328,daniel
1329,danny
1330,dare
1331,dares
1332,daring
1333,daringly
1334,dark
1335,darker
1336,darkly
1337,darkness
1338,darn
1339,dash
1340,date
1341,dated
1342,daughter
1343,dave
1344,david
1345,davis
1346,dawdles
1347,day
1348,days
1349,dazzle
1350,dazzling
1351,dazzlingly
1352,de
1353,dead
1354,deadly
1355,deadpan
1356,deaf
1357,deal
1358,dealing
1359,deals
1360,dean
1361,death
1362,debut
1363,decade
1364,decades
1365,decay
1366,decency
1367,decent
1368,decide
1369,decided
1370,decidedly
1371,decides
1372,decor
1373,dedicated
1374,deep
1375,deepens
1376,deeper
1377,deeply
1378,defies
1379,defined
1380,defines
1381,defining
1382,definitely
1383,definitive
1384,deft
1385,deftly
1386,defying
1387,degenerates
1388,degree
1389,deja
1390,deliberate
1391,deliberately
1392,delicacy
1393,delicate
1394,delicately
1395,delicious
1396,deliciously
1397,delight
1398,delightful
1399,delightfully
1400,delights
1401,delirious
1402,deliriously
1403,deliver
1404,delivered
1405,delivering
1406,delivers
1407,delivery
1408,delpy
1409,demand
1410,demanding
1411,demands
1412,demme
1413,demographic
1414,demolition
1415,demons
1416,demonstrates
1417,demonstration
1418,deneuve
1419,denouement
1420,dense
1421,densely
1422,deny
1423,denying
1424,denzel
1425,department
1426,departments
1427,departure
1428,depends
1429,depiction
1430,depicts
1431,depp
1432,depressing
1433,depressingly
1434,depression
1435,depth
1436,depths
1437,derivative
1438,derived
1439,descent
1440,describe
1441,description
1442,desert
1443,deserve
1444,deserved
1445,deserves
1446,design
1447,designed
1448,designer
1449,desire
1450,despair
1451,desperate
1452,desperately
1453,desperation
1454,despicable
1455,despite
1456,destination
1457,destined
1458,destroy
1459,destroyed
1460,destruction
1461,destructive
1462,detached
1463,detail
1464,detailed
1465,details
1466,detective
1467,determination
1468,determined
1469,detroit
1470,devastating
1471,develop
1472,developed
1473,developing
1474,development
1475,develops
1476,device
1477,devices
1478,devil
1479,devoid
1480,devoted
1481,dial
1482,dialog
1483,dialogue
1484,diamond
1485,diane
1486,dicaprio
1487,dick
1488,dickens
1489,did
1490,didactic
1491,didn
1492,die
1493,dies
1494,difference
1495,differences
1496,different
1497,difficult
1498,digital
1499,digitally
1500,dignity
1501,dilemma
1502,dillon
1503,dim
1504,dimension
1505,dimensional
1506,diminish
1507,diminished
1508,dinner
1509,dinosaur
1510,dire
1511,direct
1512,directed
1513,directing
1514,direction
1515,directions
1516,directly
1517,director
1518,directorial
1519,directors
1520,directs
1521,dirty
1522,disappoint
1523,disappointed
1524,disappointing
1525,disappointingly
1526,disappointment
1527,disarming
1528,disaster
1529,disastrous
1530,disbelief
1531,disciplined
1532,disco
1533,disconnected
1534,discount
1535,discover
1536,discovery
1537,disguise
1538,disgusting
1539,disjointed
1540,dislike
1541,dismal
1542,dismiss
1543,disney
1544,dispiriting
1545,display
1546,displays
1547,disposable
1548,disregard
1549,distance
1550,distant
1551,distasteful
1552,distinct
1553,distinction
1554,distinctive
1555,distinctly
1556,distinguished
1557,distracting
1558,distressingly
1559,disturbing
1560,diverse
1561,diversion
1562,diverting
1563,divine
1564,divisions
1565,dizzying
1566,do
1567,document
1568,documentary
1569,does
1570,doesn
1571,dog
1572,dogs
1573,doing
1574,dollars
1575,domestic
1576,dominant
1577,dominate
1578,dominates
1579,don
1580,donald
1581,done
1582,donner
1583,doom
1584,doomed
1585,doors
1586,dopey
1587,dose
1588,double
1589,doubt
1590,douglas
1591,dour
1592,down
1593,downbeat
1594,downey
1595,downright
1596,dozen
1597,dozens
1598,dr
1599,drab
1600,dracula
1601,drag
1602,draggy
1603,dragon
1604,drags
1605,drama
1606,dramas
1607,dramatic
1608,dramatically
1609,dramatization
1610,dramatizing
1611,draw
1612,drawing
1613,drawn
1614,draws
1615,dread
1616,dreadful
1617,dreadfully
1618,dream
1619,dreams
1620,dreary
1621,drenched
1622,dress
1623,dressing
1624,drew
1625,drive
1626,driven
1627,driver
1628,drives
1629,droll
1630,drop
1631,dropping
1632,drowned
1633,drowning
1634,drug
1635,drugs
1636,drunk
1637,dry
1638,dubbed
1639,dubious
1640,duck
1641,dud
1642,dude
1643,due
1644,dull
1645,duller
1646,dullest
1647,dumb
1648,dune
1649,durable
1650,during
1651,dustin
1652,dusty
1653,duty
1654,dynamic
1655,dynamite
1656,dysfunctional
1657,each
1658,eager
1659,ear
1660,earlier
1661,early
1662,earned
1663,earnest
1664,earnestness
1665,earns
1666,ears
1667,earth
1668,ease
1669,easier
1670,easily
1671,east
1672,eastwood
1673,easy
1674,easygoing
1675,eat
1676,eccentric
1677,echoes
1678,economy
1679,ed
1680,eddie
1681,edge
1682,edged
1683,edges
1684,edgy
1685,edited
1686,editing
1687,edward
1688,edwards
1689,eerie
1690,eerily
1691,effect
1692,effective
1693,effectively
1694,effectiveness
1695,effects
1696,efficient
1697,efficiently
1698,effort
1699,effortlessly
1700,efforts
1701,ego
1702,egoyan
1703,egypt
1704,eight
1705,either
1706,elaborate
1707,elaborately
1708,election
1709,electricity
1710,electrifying
1711,elegance
1712,elegant
1713,elegantly
1714,elegiac
1715,element
1716,elemental
1717,elements
1718,elevated
1719,elevates
1720,elicits
1721,ellen
1722,elliott
1723,elm
1724,elmo
1725,elmore
1726,eloquent
1727,else
1728,elsewhere
1729,elusive
1730,em
1731,embarrassing
1732,embodiment
1733,embrace
1734,emerge
1735,emerges
1736,emma
1737,emotion
1738,emotional
1739,emotionally
1740,emotions
1741,empathize
1742,emperor
1743,emphasis
1744,empire
1745,emptiness
1746,empty
1747,en
1748,enchanted
1749,enchanting
1750,encounter
1751,encounters
1752,encouraging
1753,end
1754,endearing
1755,endeavor
1756,ended
1757,ending
1758,endings
1759,endless
1760,endlessly
1761,ends
1762,endurance
1763,endure
1764,enduring
1765,enemy
1766,energetic
1767,energy
1768,engage
1769,engaging
1770,engagingly
1771,engineered
1772,engineering
1773,england
1774,english
1775,englund
1776,engrossing
1777,enhanced
1778,enjoy
1779,enjoyable
1780,enjoyably
1781,enjoyed
1782,enjoying
1783,enjoyment
1784,enlivened
1785,enormous
1786,enormously
1787,enough
1788,ensemble
1789,enter
1790,enterprise
1791,entertain
1792,entertained
1793,entertaining
1794,entertainingly
1795,entertainment
1796,entertainments
1797,entertains
1798,enthralling
1799,enthusiasm
1800,entire
1801,entirely
1802,entries
1803,entry
1804,enveloping
1805,environment
1806,ephron
1807,epic
1808,epics
1809,episode
1810,episodes
1811,episodic
1812,equal
1813,equally
1814,equivalent
1815,era
1816,eric
1817,erotic
1818,eroticism
1819,errors
1820,escape
1821,escapism
1822,escapist
1823,especially
1824,esque
1825,essay
1826,essence
1827,essential
1828,essentially
1829,established
1830,establishes
1831,establishing
1832,establishment
1833,etc
1834,eternal
1835,eternity
1836,ethan
1837,ethnic
1838,ethos
1839,european
1840,eve
1841,even
1842,evening
1843,event
1844,events
1845,eventually
1846,ever
1847,every
1848,everybody
1849,everyday
1850,everyone
1851,everything
1852,everywhere
1853,evidence
1854,evident
1855,evil
1856,evocation
1857,evocative
1858,evoke
1859,evokes
1860,evolution
1861,evolved
1862,ex
1863,exact
1864,exactly
1865,examination
1866,example
1867,exceedingly
1868,excellent
1869,except
1870,exception
1871,exceptional
1872,exceptionally
1873,excess
1874,excesses
1875,excessive
1876,excessively
1877,excitement
1878,exciting
1879,excitingly
1880,excruciating
1881,excruciatingly
1882,excursion
1883,excuse
1884,executed
1885,execution
1886,executive
1887,exercise
1888,exhausted
1889,exhausting
1890,exhaustion
1891,exhibits
1892,exhilarating
1893,exhilaration
1894,exist
1895,existence
1896,existential
1897,exists
1898,exit
1899,exorcist
1900,exotic
1901,expand
1902,expanded
1903,expansive
1904,expect
1905,expectations
1906,expected
1907,expecting
1908,expense
1909,expensive
1910,experience
1911,experienced
1912,experiences
1913,experiment
1914,expert
1915,expertise
1916,expertly
1917,experts
1918,explain
1919,exploding
1920,exploit
1921,exploitation
1922,exploitative
1923,exploits
1924,exploration
1925,explore
1926,explored
1927,explores
1928,exploring
1929,explosion
1930,explosions
1931,explosive
1932,expose
1933,exposes
1934,exposition
1935,express
1936,expression
1937,expressions
1938,expressive
1939,exquisite
1940,exquisitely
1941,extend
1942,extended
1943,extensive
1944,extent
1945,extra
1946,extract
1947,extraordinarily
1948,extraordinary
1949,extravagant
1950,extravaganza
1951,extreme
1952,extremely
1953,exuberance
1954,exuberant
1955,exuberantly
1956,eye
1957,eyed
1958,eyes
1959,fable
1960,fabulous
1961,face
1962,faced
1963,faces
1964,facial
1965,facile
1966,fact
1967,factor
1968,factory
1969,facts
1970,fail
1971,failed
1972,fails
1973,failure
1974,fair
1975,fairly
1976,fairy
1977,fairytale
1978,faith
1979,faithful
1980,fake
1981,fall
1982,fallen
1983,falling
1984,falls
1985,false
1986,falters
1987,fame
1988,familiar
1989,familiarity
1990,families
1991,family
1992,famous
1993,fan
1994,fanciful
1995,fancy
1996,fans
1997,fantasia
1998,fantasies
1999,fantastic
2000,fantasy
2001,far
2002,farce
2003,fare
2004,fascinating
2005,fascination
2006,fashion
2007,fashioned
2008,fast
2009,faster
2010,fat
2011,fatal
2012,fatally
2013,fate
2014,father
2015,fault
2016,faults
2017,favor
2018,favorite
2019,fear
2020,fears
2021,feast
2022,feat
2023,feather
2024,feature
2025,features
2026,featuring
2027,fed
2028,federal
2029,feeble
2030,feel
2031,feeling
2032,feelings
2033,feels
2034,feet
2035,fellini
2036,fellow
2037,felt
2038,female
2039,feminist
2040,femme
2041,ferociously
2042,ferrara
2043,ferrell
2044,fest
2045,festival
2046,fetched
2047,fever
2048,feverish
2049,few
2050,fi
2051,fiasco
2052,fiction
2053,fictional
2054,fidelity
2055,field
2056,fiennes
2057,fierce
2058,fiercely
2059,fiery
2060,fifth
2061,fight
2062,fighter
2063,fighting
2064,fights
2065,figure
2066,figures
2067,files
2068,fill
2069,filled
2070,filling
2071,fills
2072,film
2073,filmed
2074,filmgoers
2075,filmmaker
2076,filmmakers
2077,filmmaking
2078,films
2079,final
2080,finale
2081,finally
2082,fincher
2083,find
2084,finding
2085,finds
2086,fine
2087,finely
2088,finesse
2089,finest
2090,fingernails
2091,fingers
2092,finish
2093,fire
2094,fireworks
2095,firm
2096,firmly
2097,first
2098,fischer
2099,fish
2100,fishburne
2101,fisher
2102,fit
2103,fitfully
2104,fits
2105,fitting
2106,five
2107,flair
2108,flamboyant
2109,flash
2110,flashback
2111,flashbacks
2112,flashdance
2113,flashes
2114,flashing
2115,flashy
2116,flat
2117,flatulence
2118,flavor
2119,flaw
2120,flawed
2121,flawless
2122,flaws
2123,fleet
2124,flesh
2125,flick
2126,flicks
2127,flies
2128,flight
2129,flimsy
2130,flip
2131,floating
2132,floor
2133,flourish
2134,flow
2135,fluff
2136,fluid
2137,fly
2138,flying
2139,flynt
2140,focus
2141,fodder
2142,fog
2143,folk
2144,folks
2145,follow
2146,followed
2147,following
2148,follows
2149,folly
2150,fond
2151,fonda
2152,fondly
2153,food
2154,fool
2155,foolish
2156,fools
2157,foot
2158,footage
2159,football
2160,footed
2161,for
2162,force
2163,forced
2164,forceful
2165,forces
2166,forcing
2167,ford
2168,foreign
2169,foremost
2170,forever
2171,forget
2172,forgets
2173,forgettable
2174,forgetting
2175,forgive
2176,forgiven
2177,forgiveness
2178,forgiving
2179,forgotten
2180,form
2181,formal
2182,format
2183,former
2184,formidable
2185,forms
2186,formula
2187,formulaic
2188,formulas
2189,forrest
2190,forth
2191,forthright
2192,fortunately
2193,fortune
2194,forward
2195,foster
2196,found
2197,four
2198,fourth
2199,fox
2200,fragile
2201,frame
2202,framed
2203,france
2204,frances
2205,franchise
2206,francis
2207,frank
2208,frankenstein
2209,franklin
2210,frankly
2211,frantic
2212,fraud
2213,freak
2214,fred
2215,freddie
2216,freddy
2217,free
2218,freedom
2219,french
2220,frenetic
2221,frenzied
2222,frequent
2223,frequently
2224,fresh
2225,fresher
2226,freshness
2227,freudian
2228,freundlich
2229,friday
2230,fried
2231,friedkin
2232,friend
2233,friendly
2234,friends
2235,friendship
2236,fright
2237,frightening
2238,frivolous
2239,frolic
2240,from
2241,front
2242,frothy
2243,frozen
2244,frustrating
2245,fry
2246,fueled
2247,fugitive
2248,fulfillment
2249,full
2250,fully
2251,fun
2252,function
2253,functions
2254,funeral
2255,funnier
2256,funniest
2257,funny
2258,furious
2259,further
2260,fury
2261,fusion
2262,fuss
2263,future
2264,futuristic
2265,fuzzy
2266,gadget
2267,gag
2268,gags
2269,gain
2270,gained
2271,galaxy
2272,gallery
2273,game
2274,games
2275,gang
2276,gangster
2277,gap
2278,gaps
2279,garbage
2280,garden
2281,garfield
2282,garish
2283,gary
2284,gattaca
2285,gaudy
2286,gave
2287,gay
2288,gear
2289,gem
2290,gene
2291,general
2292,generally
2293,generate
2294,generated
2295,generates
2296,generating
2297,generation
2298,generations
2299,generic
2300,generous
2301,genial
2302,genius
2303,geniuses
2304,genre
2305,genres
2306,gentle
2307,gentleness
2308,gently
2309,genuine
2310,genuinely
2311,george
2312,georgia
2313,gere
2314,german
2315,germany
2316,gesture
2317,get
2318,getaway
2319,gets
2320,getting
2321,ghost
2322,ghosts
2323,giant
2324,gibson
2325,giddy
2326,gift
2327,gifted
2328,gifts
2329,giggle
2330,giggly
2331,gilliam
2332,gimmick
2333,gimmicky
2334,girl
2335,girls
2336,give
2337,given
2338,gives
2339,giving
2340,glad
2341,glamour
2342,glance
2343,glass
2344,gleeful
2345,gleefully
2346,glen
2347,glengarry
2348,glib
2349,glide
2350,glides
2351,glimpse
2352,glitz
2353,gloom
2354,gloomy
2355,glorious
2356,gloriously
2357,glory
2358,gloss
2359,glossy
2360,glover
2361,glow
2362,go
2363,goal
2364,god
2365,godard
2366,godfather
2367,godzilla
2368,goers
2369,goes
2370,going
2371,gold
2372,golden
2373,gone
2374,good
2375,goodfellas
2376,gooding
2377,goodness
2378,goods
2379,goodwill
2380,goof
2381,goofy
2382,gordon
2383,gore
2384,gorgeous
2385,gorris
2386,gory
2387,got
2388,gothic
2389,gotten
2390,grab
2391,grabs
2392,grace
2393,graceful
2394,grade
2395,gradually
2396,grail
2397,grand
2398,grandeur
2399,grandiose
2400,grandly
2401,grant
2402,granted
2403,grapes
2404,graphic
2405,graphics
2406,grasp
2407,gratuitous
2408,grave
2409,gravity
2410,gray
2411,grease
2412,great
2413,greater
2414,greatest
2415,greatly
2416,greatness
2417,greed
2418,green
2419,greenaway
2420,greenberg
2421,gregory
2422,griffith
2423,grim
2424,grin
2425,grip
2426,gripping
2427,grisham
2428,grisly
2429,gritty
2430,grodin
2431,groove
2432,gross
2433,grotesque
2434,ground
2435,groundhog
2436,group
2437,grow
2438,growing
2439,grown
2440,grows
2441,gruesome
2442,guarantee
2443,guaranteed
2444,guardian
2445,guess
2446,guessing
2447,guest
2448,guides
2449,guignol
2450,guilt
2451,guilty
2452,gulf
2453,gump
2454,gun
2455,guns
2456,gus
2457,gusto
2458,gut
2459,guts
2460,guy
2461,guys
2462,hack
2463,hackers
2464,hackneyed
2465,had
2466,haggis
2467,hair
2468,hairspray
2469,hal
2470,half
2471,halfhearted
2472,halfway
2473,hall
2474,halloween
2475,hallstrom
2476,ham
2477,hamlet
2478,hand
2479,handed
2480,handful
2481,handle
2482,handled
2483,handles
2484,handling
2485,hands
2486,handsome
2487,handsomely
2488,hang
2489,hangs
2490,hank
2491,hanks
2492,hanson
2493,happen
2494,happened
2495,happening
2496,happens
2497,happily
2498,happiness
2499,happy
2500,hard
2501,harder
2502,hardest
2503,hardly
2504,hardware
2505,harlin
2506,harmless
2507,harrelson
2508,harriet
2509,harris
2510,harrison
2511,harrowing
2512,harry
2513,harsh
2514,harvey
2515,has
2516,hasn
2517,hat
2518,hate
2519,hated
2520,haunted
2521,haunting
2522,have
2523,haven
2524,having
2525,hawthorne
2526,he
2527,head
2528,headed
2529,heads
2530,heady
2531,health
2532,healthy
2533,heap
2534,hear
2535,heard
2536,heart
2537,heartbreaking
2538,hearted
2539,heartfelt
2540,heartless
2541,hearts
2542,heartwarming
2543,hearty
2544,heat
2545,heathers
2546,heaven
2547,heavily
2548,heavy
2549,height
2550,heights
2551,heist
2552,held
2553,hell
2554,helmer
2555,help
2556,helped
2557,helps
2558,henry
2559,henson
2560,hepburn
2561,her
2562,here
2563,hero
2564,heroes
2565,heroic
2566,heroics
2567,heroine
2568,heroism
2569,herself
2570,herzog
2571,hi
2572,hidden
2573,hide
2574,hideous
2575,hiding
2576,high
2577,higher
2578,highest
2579,highlight
2580,highly
2581,hilarious
2582,hilariously
2583,hilarity
2584,hilary
2585,hill
2586,him
2587,himself
2588,hint
2589,hints
2590,hip
2591,hippie
2592,his
2593,historical
2594,history
2595,histrionic
2596,hit
2597,hitchcock
2598,hitchcockian
2599,hitler
2600,hits
2601,hitting
2602,ho
2603,hockey
2604,hodgepodge
2605,hoffman
2606,hogan
2607,hokey
2608,hokum
2609,hold
2610,holding
2611,holds
2612,hole
2613,holes
2614,holiday
2615,holland
2616,hollow
2617,holly
2618,hollywood
2619,holocaust
2620,holy
2621,homage
2622,home
2623,honest
2624,honestly
2625,honesty
2626,hong
2627,honor
2628,honorable
2629,honors
2630,hood
2631,hook
2632,hooper
2633,hoot
2634,hop
2635,hope
2636,hoped
2637,hopeful
2638,hopefully
2639,hopelessly
2640,hopes
2641,hoping
2642,hopkins
2643,hopper
2644,horrible
2645,horribly
2646,horrific
2647,horrifying
2648,horror
2649,horrors
2650,horse
2651,host
2652,hot
2653,hotel
2654,hour
2655,hours
2656,house
2657,how
2658,howard
2659,however
2660,hudson
2661,huge
2662,hugely
2663,hughes
2664,hum
2665,human
2666,humane
2667,humanism
2668,humanist
2669,humanity
2670,humans
2671,humor
2672,humorless
2673,humorous
2674,humour
2675,hundred
2676,hunt
2677,hunted
2678,hunter
2679,hunting
2680,hurt
2681,hurts
2682,husband
2683,huston
2684,hyams
2685,hybrid
2686,hype
2687,hypnotic
2688,hysteria
2689,hysterical
2690,hytner
2691,ice
2692,icon
2693,iconic
2694,iconography
2695,icons
2696,idea
2697,ideal
2698,idealism
2699,ideals
2700,ideas
2701,identify
2702,identity
2703,ideological
2704,idiosyncratic
2705,idiot
2706,if
2707,ignore
2708,ii
2709,iii
2710,ike
2711,ill
2712,illogical
2713,ills
2714,illuminating
2715,illusion
2716,illustration
2717,image
2718,imagery
2719,images
2720,imaginable
2721,imagination
2722,imaginative
2723,imaginatively
2724,imagine
2725,imagined
2726,imagining
2727,imax
2728,imbued
2729,imitation
2730,immaculately
2731,immediacy
2732,immediate
2733,immediately
2734,immensely
2735,impact
2736,impassioned
2737,impatient
2738,impeccable
2739,impeccably
2740,imperfect
2741,implausibilities
2742,implausible
2743,implications
2744,import
2745,importance
2746,important
2747,impossible
2748,impossibly
2749,impostor
2750,impress
2751,impression
2752,impressions
2753,impressive
2754,impressively
2755,improbable
2756,improve
2757,improved
2758,improvement
2759,improves
2760,impulse
2761,impulses
2762,in
2763,inability
2764,inane
2765,inappropriate
2766,incarnation
2767,incessant
2768,inch
2769,incidental
2770,incidents
2771,incisive
2772,include
2773,includes
2774,including
2775,incoherent
2776,incompetent
2777,incomprehensible
2778,incongruous
2779,increasingly
2780,incredible
2781,incredibly
2782,indeed
2783,indelible
2784,independence
2785,independent
2786,india
2787,indian
2788,indiana
2789,indicates
2790,indictment
2791,indie
2792,indistinguishable
2793,individual
2794,individuals
2795,inducing
2796,indulgent
2797,indulges
2798,industrial
2799,industry
2800,inept
2801,ineptitude
2802,inert
2803,inescapable
2804,inevitable
2805,inevitably
2806,infectious
2807,influence
2808,influenced
2809,influential
2810,ingenious
2811,ingenuity
2812,ingredients
2813,inhabit
2814,inherent
2815,inherently
2816,initial
2817,initially
2818,injection
2819,inner
2820,innocence
2821,innocent
2822,innocuous
2823,innovation
2824,innovative
2825,inoffensive
2826,insane
2827,inside
2828,insider
2829,insight
2830,insightful
2831,insights
2832,insipid
2833,insists
2834,inspector
2835,inspiration
2836,inspirational
2837,inspire
2838,inspired
2839,inspires
2840,inspiring
2841,installment
2842,instance
2843,instances
2844,instant
2845,instantly
2846,instead
2847,instinct
2848,instincts
2849,instructive
2850,insufferable
2851,insult
2852,insulting
2853,insults
2854,integrated
2855,integrity
2856,intellectual
2857,intellectually
2858,intelligence
2859,intelligent
2860,intelligently
2861,intended
2862,intense
2863,intensely
2864,intensity
2865,intent
2866,intentioned
2867,intentions
2868,interaction
2869,interest
2870,interested
2871,interesting
2872,interiors
2873,interminable
2874,intermittently
2875,internal
2876,international
2877,interplay
2878,interviews
2879,intimacy
2880,intimate
2881,into
2882,intoxicating
2883,intricate
2884,intricately
2885,intrigue
2886,intriguing
2887,introduction
2888,invasion
2889,invention
2890,inventive
2891,inventiveness
2892,invest
2893,investigation
2894,investment
2895,invests
2896,invigorating
2897,involve
2898,involved
2899,involvement
2900,involves
2901,involving
2902,ireland
2903,irish
2904,iron
2905,ironic
2906,ironies
2907,irony
2908,irrepressible
2909,irresistible
2910,irresistibly
2911,irresponsible
2912,irreverence
2913,irreverent
2914,irritating
2915,irving
2916,irwin
2917,is
2918,island
2919,isn
2920,issue
2921,issues
2922,it
2923,item
2924,its
2925,itself
2926,ivan
2927,ivory
2928,jack
2929,jackie
2930,jackson
2931,jacques
2932,jaded
2933,jaglom
2934,jakob
2935,jam
2936,james
2937,jamie
2938,jane
2939,japanese
2940,jarmusch
2941,jason
2942,jaunty
2943,jaw
2944,jaws
2945,jazz
2946,jean
2947,jeff
2948,jenkins
2949,jennifer
2950,jerk
2951,jerking
2952,jerry
2953,jesse
2954,jessica
2955,jewel
2956,jewish
2957,jewison
2958,jim
2959,jimmy
2960,joan
2961,job
2962,joe
2963,joel
2964,john
2965,johnny
2966,joke
2967,jokes
2968,jokey
2969,jolie
2970,jolly
2971,jolt
2972,jolts
2973,jonathan
2974,jones
2975,jonze
2976,jordan
2977,joseph
2978,journey
2979,joy
2980,joyless
2981,joys
2982,jr
2983,judd
2984,jude
2985,judge
2986,judged
2987,judging
2988,judgment
2989,juice
2990,juicy
2991,julia
2992,jumbled
2993,jump
2994,jumping
2995,jumps
2996,jungle
2997,junior
2998,junk
2999,junkies
3000,junky
3001,jurassic
3002,just
3003,justice
3004,justifies
3005,justify
3006,juvenile
3007,kane
3008,karate
3009,kasdan
3010,kate
3011,kaufman
3012,kazan
3013,keaton
3014,keen
3015,keep
3016,keeping
3017,keeps
3018,kelly
3019,kempner
3020,ken
3021,kenneth
3022,kept
3023,kevin
3024,key
3025,kick
3026,kicking
3027,kicks
3028,kid
3029,kiddie
3030,kids
3031,kieslowski
3032,kill
3033,killer
3034,killers
3035,killing
3036,kills
3037,kilmer
3038,kim
3039,kind
3040,kinds
3041,kinetic
3042,king
3043,kings
3044,kinky
3045,kinsey
3046,kirk
3047,kiss
3048,kitchen
3049,kitsch
3050,kline
3051,knack
3052,knew
3053,knife
3054,knock
3055,knockoff
3056,knockout
3057,know
3058,knowing
3059,knowledge
3060,known
3061,knows
3062,kong
3063,kramer
3064,krzysztof
3065,kubrick
3066,kurosawa
3067,kurt
3068,la
3069,labor
3070,labute
3071,laced
3072,lack
3073,lacking
3074,lackluster
3075,lacks
3076,laden
3077,lady
3078,laid
3079,lake
3080,lambs
3081,lame
3082,lament
3083,lampoon
3084,land
3085,landmark
3086,lands
3087,landscape
3088,landscapes
3089,lane
3090,lang
3091,lange
3092,language
3093,large
3094,largely
3095,larger
3096,lark
3097,larry
3098,last
3099,late
3100,later
3101,latest
3102,latter
3103,laugh
3104,laughable
3105,laughed
3106,laughing
3107,laughs
3108,laughter
3109,laurence
3110,lavish
3111,law
3112,lawrence
3113,lawyer
3114,lay
3115,layer
3116,layered
3117,layers
3118,lays
3119,lazily
3120,lazy
3121,lead
3122,leaden
3123,leader
3124,leading
3125,leads
3126,league
3127,lean
3128,leap
3129,leaps
3130,learn
3131,learned
3132,learning
3133,least
3134,leave
3135,leaves
3136,leaving
3137,led
3138,lee
3139,left
3140,legal
3141,legend
3142,legendary
3143,legitimate
3144,leguizamo
3145,leigh
3146,leisurely
3147,lemmon
3148,lend
3149,length
3150,lensed
3151,leonard
3152,leone
3153,lesbian
3154,less
3155,lesser
3156,lesson
3157,lessons
3158,lester
3159,let
3160,letdown
3161,lethal
3162,lethargic
3163,lets
3164,letter
3165,letting
3166,level
3167,levels
3168,levinson
3169,lewis
3170,li
3171,liam
3172,liar
3173,liberal
3174,liberating
3175,liberties
3176,lie
3177,lies
3178,life
3179,lifeless
3180,lifestyle
3181,lifetime
3182,lift
3183,lifts
3184,light
3185,lighter
3186,lighthearted
3187,lightly
3188,lightness
3189,lights
3190,lightweight
3191,likable
3192,like
3193,likeable
3194,liked
3195,likely
3196,likes
3197,limitations
3198,limited
3199,limits
3200,limp
3201,line
3202,liners
3203,lines
3204,linger
3205,lingering
3206,lingers
3207,link
3208,lion
3209,list
3210,listen
3211,listening
3212,listless
3213,lit
3214,literal
3215,literally
3216,literary
3217,literate
3218,little
3219,live
3220,lived
3221,livelier
3222,lively
3223,lives
3224,living
3225,ll
3226,lloyd
3227,load
3228,loaded
3229,loads
3230,local
3231,location
3232,locations
3233,lock
3234,logic
3235,logical
3236,lola
3237,london
3238,loneliness
3239,lonely
3240,long
3241,longer
3242,longing
3243,look
3244,looked
3245,looking
3246,looks
3247,loopy
3248,loose
3249,loosely
3250,lore
3251,los
3252,lose
3253,loser
3254,loses
3255,losing
3256,loss
3257,lost
3258,lot
3259,lots
3260,loud
3261,louise
3262,lousy
3263,lovable
3264,love
3265,loved
3266,lovely
3267,lover
3268,lovers
3269,loves
3270,loving
3271,lovingly
3272,low
3273,lowdown
3274,lower
3275,lowest
3276,lowlife
3277,loyalty
3278,lubitsch
3279,luc
3280,lucas
3281,luck
3282,ludicrous
3283,lukewarm
3284,lull
3285,lumbering
3286,luminous
3287,lunacy
3288,lurid
3289,lush
3290,lust
3291,lynch
3292,lynn
3293,lyrical
3294,lyricism
3295,macabre
3296,machine
3297,machismo
3298,macho
3299,mad
3300,madcap
3301,made
3302,madly
3303,madness
3304,madonna
3305,mafia
3306,magazine
3307,magic
3308,magical
3309,magnificent
3310,magnolia
3311,maguire
3312,mail
3313,main
3314,mainly
3315,mainstream
3316,maintain
3317,maintains
3318,majestic
3319,major
3320,make
3321,maker
3322,makers
3323,makes
3324,makeup
3325,making
3326,malcolm
3327,male
3328,malkovich
3329,malle
3330,mamet
3331,man
3332,manage
3333,managed
3334,manages
3335,mangold
3336,manhattan
3337,manic
3338,manipulation
3339,manipulative
3340,mann
3341,manner
3342,mannered
3343,mannerisms
3344,manners
3345,mansfield
3346,manufactured
3347,many
3348,map
3349,marginally
3350,marital
3351,mark
3352,marked
3353,market
3354,marketing
3355,marking
3356,marks
3357,marred
3358,marriage
3359,married
3360,mars
3361,marshall
3362,martha
3363,martial
3364,martin
3365,marvel
3366,marvellous
3367,marvelous
3368,marvelously
3369,marx
3370,mary
3371,mask
3372,mass
3373,massacre
3374,massive
3375,master
3376,masterful
3377,masterly
3378,masterpiece
3379,mastery
3380,mat
3381,match
3382,matched
3383,material
3384,materials
3385,matinee
3386,matrix
3387,matt
3388,matter
3389,matters
3390,matthew
3391,mature
3392,maturity
3393,maudlin
3394,mawkish
3395,max
3396,maximum
3397,may
3398,maybe
3399,mayhem
3400,mccabe
3401,mcclane
3402,mcconaughey
3403,me
3404,mean
3405,meandering
3406,meanders
3407,meaning
3408,meaningful
3409,meanings
3410,means
3411,meant
3412,measure
3413,measured
3414,meat
3415,mechanical
3416,mechanics
3417,media
3418,medieval
3419,mediocre
3420,mediocrity
3421,meditation
3422,medium
3423,meet
3424,meeting
3425,meets
3426,mel
3427,melancholy
3428,melodrama
3429,melodramatic
3430,melt
3431,member
3432,members
3433,memorable
3434,memorably
3435,memories
3436,memory
3437,men
3438,menace
3439,mendes
3440,mental
3441,mention
3442,merchant
3443,mere
3444,merely
3445,merit
3446,merits
3447,merrily
3448,meryl
3449,mesmerizing
3450,mess
3451,message
3452,messy
3453,metal
3454,metaphor
3455,metaphysical
3456,method
3457,meticulous
3458,meticulously
3459,metro
3460,meyer
3461,mgm
3462,miami
3463,mice
3464,michael
3465,mickey
3466,mid
3467,middle
3468,middlebrow
3469,middling
3470,midler
3471,midnight
3472,midst
3473,midway
3474,might
3475,mighty
3476,mike
3477,mild
3478,mildly
3479,mile
3480,mileage
3481,miles
3482,milestone
3483,milieu
3484,military
3485,milking
3486,mill
3487,millennial
3488,millennium
3489,miller
3490,million
3491,millionaire
3492,mind
3493,minded
3494,mindless
3495,minds
3496,mine
3497,minghella
3498,minimal
3499,minimalist
3500,minimum
3501,minor
3502,minute
3503,minutes
3504,minutiae
3505,miracle
3506,mirror
3507,misbegotten
3508,miscast
3509,mischief
3510,mise
3511,misery
3512,misfire
3513,misguided
3514,miss
3515,missed
3516,misses
3517,missing
3518,mission
3519,mistake
3520,mistaken
3521,mitchell
3522,mix
3523,mixed
3524,mixes
3525,mixture
3526,miyazaki
3527,mob
3528,mock
3529,mocking
3530,mod
3531,mode
3532,model
3533,moderately
3534,modern
3535,modest
3536,modulated
3537,molly
3538,mom
3539,moment
3540,moments
3541,momentum
3542,mona
3543,money
3544,monk
3545,mononoke
3546,monotonous
3547,monster
3548,monsters
3549,months
3550,monty
3551,monument
3552,monumental
3553,mood
3554,moods
3555,moody
3556,moon
3557,moore
3558,moral
3559,morality
3560,morally
3561,morbid
3562,mordant
3563,more
3564,morning
3565,moronic
3566,mortal
3567,most
3568,mostly
3569,mother
3570,motion
3571,motivations
3572,mountain
3573,mounted
3574,mounting
3575,mouse
3576,mouth
3577,move
3578,moved
3579,movement
3580,moves
3581,movie
3582,moviegoer
3583,moviegoers
3584,moviegoing
3585,moviemakers
3586,moviemaking
3587,movies
3588,moving
3589,mr
3590,mrs
3591,ms
3592,mtv
3593,much
3594,muddled
3595,mugging
3596,multiple
3597,multiplex
3598,multiplicity
3599,mumford
3600,mummy
3601,mundane
3602,muppet
3603,muppets
3604,murder
3605,murderer
3606,murderous
3607,murders
3608,muriel
3609,murky
3610,murnau
3611,murphy
3612,murray
3613,muscular
3614,mush
3615,music
3616,musical
3617,musicals
3618,musician
3619,must
3620,muted
3621,my
3622,myers
3623,myself
3624,mysteries
3625,mysterious
3626,mystery
3627,mysticism
3628,myth
3629,mythic
3630,mythology
3631,nail
3632,naive
3633,naivete
3634,naked
3635,name
3636,named
3637,names
3638,nancy
3639,narration
3640,narrative
3641,narrow
3642,nasty
3643,natalie
3644,nathan
3645,nation
3646,national
3647,native
3648,natural
3649,naturally
3650,nature
3651,natured
3652,nazi
3653,neal
3654,near
3655,nearly
3656,neat
3657,neatly
3658,necessarily
3659,necessary
3660,neck
3661,need
3662,needed
3663,needs
3664,neeson
3665,neil
3666,neither
3667,neo
3668,nerve
3669,nerves
3670,nervous
3671,net
3672,network
3673,neurotic
3674,never
3675,nevertheless
3676,new
3677,newly
3678,newman
3679,news
3680,next
3681,nice
3682,nicely
3683,nichols
3684,nicholson
3685,nick
3686,nielsen
3687,nifty
3688,night
3689,nightmare
3690,nightmares
3691,nights
3692,nihilistic
3693,nimble
3694,nine
3695,ninety
3696,ninja
3697,niro
3698,nixon
3699,no
3700,noble
3701,nobody
3702,noel
3703,noir
3704,noise
3705,noisy
3706,nolan
3707,nolte
3708,nominated
3709,nominations
3710,non
3711,none
3712,nonetheless
3713,nonexistent
3714,nonsense
3715,nonsensical
3716,nonstop
3717,noon
3718,nor
3719,nora
3720,norm
3721,norman
3722,north
3723,norton
3724,nostalgia
3725,nostalgic
3726,not
3727,notable
3728,notably
3729,notch
3730,note
3731,notes
3732,nothing
3733,notice
3734,notion
3735,notions
3736,notorious
3737,notwithstanding
3738,novel
3739,novelty
3740,now
3741,nowhere
3742,noyce
3743,nuance
3744,nuanced
3745,nuances
3746,nuclear
3747,number
3748,numbers
3749,numbing
3750,numerous
3751,nutty
3752,object
3753,objects
3754,obligatory
3755,oblivious
3756,obnoxious
3757,obscure
3758,observant
3759,observation
3760,observations
3761,observed
3762,obsessed
3763,obsession
3764,obsessions
3765,obsessive
3766,obvious
3767,obviously
3768,occasion
3769,occasional
3770,occasionally
3771,odd
3772,oddball
3773,oddity
3774,oddly
3775,odds
3776,odyssey
3777,of
3778,off
3779,offbeat
3780,offensive
3781,offer
3782,offered
3783,offering
3784,offers
3785,office
3786,offs
3787,offset
3788,often
3789,oh
3790,oil
3791,oiled
3792,ok
3793,old
3794,older
3795,olds
3796,oliver
3797,olsen
3798,ominous
3799,on
3800,once
3801,one
3802,ones
3803,only
3804,onscreen
3805,onto
3806,open
3807,opened
3808,opening
3809,opens
3810,opera
3811,operatic
3812,operation
3813,opportunities
3814,opportunity
3815,opposite
3816,opposites
3817,optimism
3818,opus
3819,or
3820,orchestrated
3821,order
3822,ordinary
3823,organic
3824,oriented
3825,original
3826,originality
3827,originally
3828,origins
3829,oscar
3830,oscars
3831,other
3832,others
3833,otherwise
3834,ought
3835,our
3836,ourselves
3837,out
3838,outcome
3839,outdoes
3840,outer
3841,outing
3842,outlandish
3843,output
3844,outrage
3845,outrageous
3846,outside
3847,outsider
3848,outsiders
3849,outstanding
3850,over
3851,overall
3852,overblown
3853,overcome
3854,overdone
3855,overextended
3856,overheated
3857,overkill
3858,overlong
3859,overlook
3860,overly
3861,overproduced
3862,overreaching
3863,overriding
3864,overstuffed
3865,overt
3866,overtones
3867,overwhelm
3868,overwhelming
3869,overwrought
3870,own
3871,oz
3872,pace
3873,paced
3874,pacing
3875,pacino
3876,pack
3877,package
3878,packed
3879,packs
3880,padded
3881,paean
3882,page
3883,paid
3884,pain
3885,painful
3886,painfully
3887,painless
3888,paint
3889,pair
3890,pairing
3891,pakula
3892,palatable
3893,pale
3894,palma
3895,palpable
3896,paltrow
3897,pan
3898,panache
3899,pandering
3900,paper
3901,par
3902,parable
3903,parade
3904,paradise
3905,paradiso
3906,paranoia
3907,paranoid
3908,parent
3909,parents
3910,paris
3911,park
3912,parker
3913,parodies
3914,parody
3915,part
3916,particular
3917,particularly
3918,partly
3919,parts
3920,party
3921,pass
3922,passable
3923,passably
3924,passage
3925,passages
3926,passed
3927,passing
3928,passion
3929,passionate
3930,passionately
3931,passions
3932,past
3933,pastiche
3934,pat
3935,patches
3936,patchy
3937,path
3938,pathetic
3939,pathos
3940,paths
3941,patience
3942,patient
3943,patrick
3944,patronizing
3945,pattern
3946,paul
3947,pause
3948,pauses
3949,pay
3950,paying
3951,payoff
3952,pays
3953,peach
3954,peak
3955,peaks
3956,peckinpah
3957,peculiar
3958,pedestrian
3959,pedigree
3960,penetrate
3961,penn
3962,penny
3963,people
3964,pep
3965,per
3966,perceptive
3967,perfect
3968,perfection
3969,perfectly
3970,performance
3971,performances
3972,performed
3973,performer
3974,performers
3975,perfunctory
3976,perhaps
3977,peril
3978,perilous
3979,perilously
3980,period
3981,person
3982,persona
3983,personal
3984,personalities
3985,personality
3986,perspective
3987,persuasive
3988,perverse
3989,perversely
3990,pet
3991,peter
3992,petersen
3993,petty
3994,pfeiffer
3995,pg
3996,phantom
3997,phenomenal
3998,phenomenon
3999,philadelphia
4000,philip
4001,philosophical
4002,phone
4003,photographed
4004,photography
4005,phrase
4006,physical
4007,pic
4008,pick
4009,pics
4010,pictorial
4011,picture
4012,pictures
4013,picturesque
4014,pie
4015,piece
4016,pieces
4017,pile
4018,pilot
4019,pinnacle
4020,pinocchio
4021,pitch
4022,pitched
4023,pitfalls
4024,pitt
4025,pity
4026,place
4027,places
4028,placid
4029,plague
4030,plain
4031,plan
4032,plane
4033,planet
4034,plastic
4035,platoon
4036,plausible
4037,play
4038,played
4039,player
4040,players
4041,playful
4042,playfully
4043,playing
4044,plays
4045,pleasant
4046,pleasantly
4047,please
4048,pleased
4049,pleaser
4050,pleasing
4051,pleasurable
4052,pleasure
4053,pleasures
4054,plenty
4055,plight
4056,plodding
4057,plods
4058,plot
4059,plots
4060,plotted
4061,plotting
4062,plus
4063,poem
4064,poet
4065,poetic
4066,poetry
4067,poignancy
4068,poignant
4069,point
4070,pointed
4071,pointless
4072,points
4073,pokemon
4074,polanski
4075,police
4076,polish
4077,polished
4078,polite
4079,political
4080,politically
4081,politics
4082,pollack
4083,pond
4084,pooh
4085,pool
4086,poor
4087,poorly
4088,pop
4089,popcorn
4090,popping
4091,popular
4092,popularity
4093,populated
4094,porn
4095,pornography
4096,portman
4097,portrait
4098,portrayal
4099,portrayed
4100,portraying
4101,portrays
4102,posey
4103,posing
4104,position
4105,possess
4106,possessed
4107,possesses
4108,possibilities
4109,possibility
4110,possible
4111,possibly
4112,post
4113,postmodern
4114,posturing
4115,postwar
4116,pot
4117,potboiler
4118,potent
4119,potential
4120,potentially
4121,pounding
4122,power
4123,powerful
4124,powerfully
4125,powers
4126,practical
4127,practically
4128,praise
4129,pre
4130,preacher
4131,preachy
4132,precious
4133,precise
4134,precisely
4135,precision
4136,predecessor
4137,predecessors
4138,predictability
4139,predictable
4140,predictably
4141,prefer
4142,prehistoric
4143,premise
4144,premises
4145,prepare
4146,prepared
4147,preposterous
4148,preposterously
4149,presence
4150,present
4151,presentation
4152,presented
4153,presenting
4154,presents
4155,president
4156,pressure
4157,preston
4158,presumably
4159,pretending
4160,pretends
4161,pretensions
4162,pretentious
4163,pretentiousness
4164,pretty
4165,previous
4166,price
4167,priceless
4168,pride
4169,primal
4170,primarily
4171,primary
4172,prime
4173,primitive
4174,prince
4175,princess
4176,principals
4177,print
4178,prison
4179,prisoner
4180,private
4181,prize
4182,pro
4183,probably
4184,probing
4185,problem
4186,problematic
4187,problems
4188,procedural
4189,proceedings
4190,proceeds
4191,process
4192,produce
4193,produced
4194,producer
4195,producers
4196,produces
4197,product
4198,production
4199,productions
4200,professional
4201,professionalism
4202,professor
4203,proficient
4204,profile
4205,profound
4206,profoundly
4207,program
4208,progress
4209,progresses
4210,project
4211,projected
4212,projects
4213,prom
4214,promise
4215,promised
4216,promises
4217,promising
4218,proof
4219,proper
4220,proportions
4221,proposition
4222,props
4223,pros
4224,prospects
4225,protagonist
4226,protagonists
4227,proud
4228,proudly
4229,prove
4230,proved
4231,proves
4232,provide
4233,provided
4234,provides
4235,providing
4236,proving
4237,provocative
4238,provoke
4239,provoking
4240,pseudo
4241,psyche
4242,psychic
4243,psycho
4244,psychological
4245,psychology
4246,public
4247,publicity
4248,puerile
4249,pull
4250,pulled
4251,pulling
4252,pulls
4253,pulp
4254,pulse
4255,pumped
4256,punch
4257,punches
4258,punchy
4259,pungent
4260,punisher
4261,puns
4262,pupil
4263,pure
4264,purely
4265,purgatory
4266,purity
4267,purpose
4268,push
4269,pushes
4270,pushing
4271,put
4272,puts
4273,putting
4274,puzzle
4275,puzzling
4276,pyrotechnics
4277,python
4278,quaint
4279,qualifies
4280,qualify
4281,qualities
4282,quality
4283,quartet
4284,quasi
4285,queasy
4286,queen
4287,quentin
4288,quest
4289,question
4290,questions
4291,quick
4292,quickly
4293,quiet
4294,quietly
4295,quirky
4296,quite
4297,rabbit
4298,race
4299,rachel
4300,racial
4301,racing
4302,racism
4303,radio
4304,rage
4305,ragged
4306,raging
4307,raiders
4308,raimi
4309,rain
4310,raise
4311,raised
4312,raises
4313,raising
4314,rambling
4315,rambo
4316,rambunctious
4317,ramis
4318,ran
4319,random
4320,range
4321,ranges
4322,rank
4323,ranks
4324,rap
4325,rapport
4326,rare
4327,rarely
4328,rarer
4329,rarest
4330,rarity
4331,rate
4332,rated
4333,rather
4334,rating
4335,raucous
4336,raucously
4337,ravishing
4338,raw
4339,ray
4340,raymond
4341,razor
4342,re
4343,reach
4344,reaches
4345,reaching
4346,reaction
4347,read
4348,reader
4349,reading
4350,ready
4351,real
4352,realism
4353,realist
4354,realistic
4355,reality
4356,realization
4357,realize
4358,realized
4359,really
4360,realm
4361,rear
4362,reason
4363,reasonable
4364,reasonably
4365,reasons
4366,recall
4367,recalls
4368,recent
4369,reckless
4370,recognition
4371,recognizable
4372,recognize
4373,recognized
4374,recommend
4375,record
4376,recorded
4377,recycled
4378,red
4379,redeem
4380,redeemed
4381,redeeming
4382,redemption
4383,redford
4384,redgrave
4385,reduced
4386,reduces
4387,redundant
4388,reed
4389,reeks
4390,reel
4391,reference
4392,references
4393,referential
4394,reflection
4395,reflects
4396,refreshing
4397,refreshingly
4398,refusal
4399,refuses
4400,regard
4401,regarded
4402,regarding
4403,regardless
4404,regrettably
4405,regularly
4406,reilly
4407,reiner
4408,reitman
4409,relate
4410,relations
4411,relationship
4412,relationships
4413,relative
4414,relatively
4415,relaxed
4416,release
4417,released
4418,releases
4419,relentless
4420,relentlessly
4421,relevant
4422,relief
4423,relies
4424,religion
4425,religious
4426,remade
4427,remain
4428,remaining
4429,remains
4430,remake
4431,remarkable
4432,remarkably
4433,remember
4434,remembered
4435,remind
4436,reminded
4437,reminder
4438,reminds
4439,reminiscent
4440,remote
4441,remotely
4442,removed
4443,render
4444,rendered
4445,renders
4446,rendition
4447,renoir
4448,rent
4449,repeat
4450,repeatedly
4451,repellent
4452,repetition
4453,repetitive
4454,replaced
4455,replete
4456,repo
4457,represent
4458,represents
4459,repulsive
4460,reputation
4461,required
4462,requirements
4463,requires
4464,requisite
4465,rescue
4466,resembles
4467,resembling
4468,reserved
4469,resist
4470,resistance
4471,resolutely
4472,resolution
4473,resolved
4474,resonance
4475,resonant
4476,resonates
4477,resourceful
4478,respect
4479,respectable
4480,response
4481,responsibility
4482,responsible
4483,rest
4484,restoration
4485,restored
4486,restrained
4487,restraint
4488,rests
4489,result
4490,resulting
4491,results
4492,retread
4493,retro
4494,return
4495,returning
4496,returns
4497,reunion
4498,reveal
4499,revealed
4500,revealing
4501,reveals
4502,revelation
4503,revelations
4504,revenge
4505,review
4506,revisionist
4507,revolutionary
4508,reward
4509,rewarded
4510,rewarding
4511,reynolds
4512,rhetoric
4513,rhythm
4514,rhythms
4515,rich
4516,richard
4517,richer
4518,richest
4519,richly
4520,richness
4521,rick
4522,ridden
4523,riddled
4524,ride
4525,rider
4526,ridiculous
4527,ridiculously
4528,riding
4529,ridley
4530,rife
4531,riffs
4532,right
4533,rim
4534,ring
4535,rings
4536,riot
4537,riotously
4538,rip
4539,ripe
4540,ripley
4541,rise
4542,rises
4543,rising
4544,risk
4545,risks
4546,risky
4547,ritchie
4548,river
4549,riveting
4550,road
4551,rob
4552,robbins
4553,robert
4554,roberts
4555,robin
4556,robocop
4557,robust
4558,rock
4559,rocks
4560,rocky
4561,rodriguez
4562,roger
4563,rogers
4564,rohmer
4565,role
4566,roles
4567,roll
4568,roller
4569,rolling
4570,roman
4571,romance
4572,romances
4573,romantic
4574,romanticism
4575,romero
4576,romp
4577,ron
4578,room
4579,rooms
4580,root
4581,rooting
4582,roots
4583,rope
4584,ross
4585,rote
4586,rough
4587,roughly
4588,round
4589,rounders
4590,rousing
4591,routine
4592,routines
4593,roy
4594,rubber
4595,rude
4596,rudnick
4597,rueful
4598,rule
4599,rules
4600,rumble
4601,run
4602,runaway
4603,runner
4604,running
4605,runs
4606,rush
4607,rushmore
4608,russell
4609,russia
4610,russian
4611,ruthless
4612,ryan
4613,ryder
4614,saccharine
4615,sacrifice
4616,sad
4617,sadistic
4618,sadly
4619,sadness
4620,safe
4621,saga
4622,said
4623,saint
4624,sake
4625,sally
4626,salute
4627,salvation
4628,sam
4629,same
4630,samurai
4631,san
4632,sandler
4633,sane
4634,sant
4635,sap
4636,sappy
4637,sarandon
4638,sardonic
4639,satire
4640,satiric
4641,satirical
4642,satisfaction
4643,satisfy
4644,satisfying
4645,saturday
4646,savage
4647,savagely
4648,save
4649,saved
4650,saves
4651,saving
4652,savor
4653,savvy
4654,saw
4655,say
4656,saying
4657,sayles
4658,says
4659,scale
4660,scarcely
4661,scare
4662,scared
4663,scares
4664,scarier
4665,scariest
4666,scary
4667,scatological
4668,scattered
4669,scattershot
4670,scenario
4671,scene
4672,scenery
4673,scenes
4674,schematic
4675,schindler
4676,schlock
4677,schmaltzy
4678,school
4679,schumacher
4680,schwarzenegger
4681,sci
4682,science
4683,scientific
4684,scofield
4685,scope
4686,score
4687,scores
4688,scorsese
4689,scott
4690,scottish
4691,scrappy
4692,scream
4693,screams
4694,screen
4695,screenplay
4696,screens
4697,screenwriter
4698,screenwriters
4699,screenwriting
4700,screwball
4701,script
4702,scripted
4703,scripts
4704,scriptwriter
4705,sea
4706,seamless
4707,seamlessly
4708,sean
4709,search
4710,searching
4711,searing
4712,season
4713,seat
4714,seattle
4715,second
4716,secondary
4717,seconds
4718,secret
4719,seductive
4720,seductively
4721,see
4722,seeing
4723,seek
4724,seeking
4725,seem
4726,seemed
4727,seeming
4728,seemingly
4729,seems
4730,seen
4731,sees
4732,segment
4733,segments
4734,seldom
4735,selection
4736,selena
4737,self
4738,sell
4739,seller
4740,selling
4741,sells
4742,selves
4743,semi
4744,send
4745,sends
4746,senior
4747,sensation
4748,sensational
4749,sensationalism
4750,sense
4751,senses
4752,sensibility
4753,sensitive
4754,sensitivity
4755,sensual
4756,sent
4757,sentence
4758,sentiment
4759,sentimental
4760,sentimentality
4761,separate
4762,sequel
4763,sequels
4764,sequence
4765,sequences
4766,sergio
4767,serial
4768,series
4769,serious
4770,seriously
4771,seriousness
4772,serve
4773,served
4774,serves
4775,service
4776,serviceable
4777,serving
4778,set
4779,sets
4780,setting
4781,settings
4782,settle
4783,settles
4784,settling
4785,setup
4786,setups
4787,seven
4788,several
4789,severed
4790,sex
4791,sexist
4792,sexual
4793,sexuality
4794,sexy
4795,sf
4796,shabby
4797,shadings
4798,shadow
4799,shadows
4800,shadowy
4801,shaggy
4802,shake
4803,shakespeare
4804,shakespearean
4805,shakur
4806,shaky
4807,shallow
4808,shame
4809,shameless
4810,shamelessly
4811,shape
4812,shapeless
4813,share
4814,shared
4815,shares
4816,shark
4817,sharon
4818,sharp
4819,she
4820,sheen
4821,sheep
4822,sheer
4823,shelf
4824,shelton
4825,sheridan
4826,shift
4827,shifting
4828,shifts
4829,shimmering
4830,shine
4831,shines
4832,shining
4833,shiny
4834,ship
4835,shock
4836,shocked
4837,shocker
4838,shocking
4839,shockingly
4840,shocks
4841,shoddy
4842,shoot
4843,shooting
4844,shoots
4845,shop
4846,shopping
4847,shore
4848,short
4849,shortcomings
4850,shorts
4851,shot
4852,shots
4853,should
4854,shoulders
4855,shouldn
4856,show
4857,showcase
4858,showcases
4859,showdown
4860,showgirls
4861,showing
4862,shown
4863,shows
4864,showy
4865,shrewd
4866,shrewdly
4867,shrill
4868,shtick
4869,shut
4870,shy
4871,sica
4872,sick
4873,side
4874,sides
4875,sidesteps
4876,sight
4877,sign
4878,significant
4879,significantly
4880,signs
4881,silence
4882,silent
4883,silliness
4884,silly
4885,silver
4886,similar
4887,simon
4888,simpatico
4889,simple
4890,simpleminded
4891,simplicity
4892,simplistic
4893,simply
4894,simultaneously
4895,since
4896,sincere
4897,sincerity
4898,sing
4899,singer
4900,singing
4901,single
4902,singleton
4903,singular
4904,singularly
4905,sinise
4906,sinister
4907,sink
4908,sinks
4909,sister
4910,sisters
4911,sit
4912,sitcom
4913,sitcoms
4914,sitting
4915,situation
4916,situations
4917,six
4918,sixth
4919,sixties
4920,size
4921,sizzle
4922,skepticism
4923,sketch
4924,sketches
4925,sketchy
4926,skill
4927,skilled
4928,skillful
4929,skillfully
4930,skills
4931,skin
4932,skip
4933,skit
4934,sky
4935,slab
4936,slack
4937,slam
4938,slap
4939,slapdash
4940,slapped
4941,slapstick
4942,slasher
4943,slaughter
4944,sleazy
4945,sleek
4946,sleep
4947,sleeper
4948,sleepless
4949,sleepover
4950,sleepy
4951,slice
4952,slick
4953,slickly
4954,slickness
4955,slide
4956,slight
4957,slightest
4958,slightly
4959,slim
4960,sling
4961,slip
4962,slog
4963,sloppy
4964,slow
4965,slowly
4966,sluggish
4967,slumdog
4968,sly
4969,small
4970,smaller
4971,smart
4972,smarter
4973,smartest
4974,smartly
4975,smarts
4976,smash
4977,smashing
4978,smell
4979,smile
4980,smiles
4981,smiling
4982,smith
4983,smoke
4984,smooth
4985,smoothly
4986,smug
4987,snake
4988,snap
4989,snappy
4990,snipes
4991,snl
4992,snow
4993,so
4994,soap
4995,soar
4996,soars
4997,sober
4998,social
4999,society
5000,soderbergh
5001,soft
5002,soldier
5003,soldiers
5004,solemn
5005,solid
5006,solidly
5007,solo
5008,solution
5009,solve
5010,somber
5011,some
5012,somebody
5013,somehow
5014,someone
5015,something
5016,sometimes
5017,somewhat
5018,somewhere
5019,son
5020,song
5021,songs
5022,sonnenfeld
5023,soon
5024,sophie
5025,sophisticated
5026,sophistication
5027,sophomore
5028,sophomoric
5029,sordid
5030,sorrow
5031,sorry
5032,sort
5033,sorts
5034,soul
5035,soulful
5036,soulless
5037,souls
5038,sound
5039,sounding
5040,sounds
5041,soundtrack
5042,sour
5043,source
5044,sources
5045,south
5046,southern
5047,sox
5048,space
5049,spacey
5050,spanish
5051,spare
5052,spark
5053,sparkles
5054,sparkling
5055,sparks
5056,spawn
5057,speak
5058,speaking
5059,speaks
5060,special
5061,species
5062,specifically
5063,spectacle
5064,spectacles
5065,spectacular
5066,spectacularly
5067,speech
5068,speed
5069,spell
5070,spellbinding
5071,spend
5072,spends
5073,spent
5074,spice
5075,spider
5076,spielberg
5077,spike
5078,spill
5079,spin
5080,spinal
5081,spine
5082,spinning
5083,spins
5084,spirit
5085,spirited
5086,spirits
5087,spiritual
5088,spiritually
5089,spite
5090,splash
5091,splatter
5092,splendid
5093,splendidly
5094,splendor
5095,split
5096,spoil
5097,spontaneity
5098,spontaneous
5099,spoof
5100,spooky
5101,sporadic
5102,sporadically
5103,sport
5104,sports
5105,spot
5106,spots
5107,sprawling
5108,spread
5109,sprightly
5110,spring
5111,spy
5112,square
5113,squarely
5114,squeamish
5115,squeeze
5116,squirm
5117,squirming
5118,stab
5119,stage
5120,staged
5121,stages
5122,staging
5123,stake
5124,stale
5125,stallone
5126,stamp
5127,stand
5128,standard
5129,standards
5130,standing
5131,standout
5132,stands
5133,stanley
5134,staple
5135,star
5136,stark
5137,starring
5138,stars
5139,start
5140,started
5141,starting
5142,startling
5143,startlingly
5144,starts
5145,state
5146,stately
5147,statement
5148,states
5149,static
5150,stature
5151,status
5152,stay
5153,staying
5154,stays
5155,steady
5156,steal
5157,stealing
5158,steals
5159,steam
5160,steel
5161,stella
5162,step
5163,stephen
5164,steps
5165,stereotype
5166,stereotypes
5167,stereotyping
5168,sterling
5169,stern
5170,steve
5171,steven
5172,stevens
5173,stewart
5174,stick
5175,sticks
5176,sticky
5177,stiff
5178,stiles
5179,still
5180,stillborn
5181,stiller
5182,stillman
5183,stilted
5184,stimulating
5185,sting
5186,stinks
5187,stir
5188,stirred
5189,stirring
5190,stirs
5191,stock
5192,stolen
5193,stomach
5194,stone
5195,stop
5196,stopped
5197,stops
5198,store
5199,stores
5200,stories
5201,storm
5202,story
5203,storyline
5204,storytelling
5205,straight
5206,straightforward
5207,strain
5208,strained
5209,straining
5210,strains
5211,strange
5212,strangelove
5213,strangely
5214,stranger
5215,strangers
5216,streak
5217,streep
5218,street
5219,streets
5220,strength
5221,strengths
5222,stress
5223,stretch
5224,stretched
5225,stretches
5226,stretching
5227,strictly
5228,strike
5229,strikes
5230,striking
5231,strikingly
5232,string
5233,strip
5234,stripped
5235,strives
5236,strong
5237,stronger
5238,strongest
5239,strongly
5240,struck
5241,structurally
5242,structure
5243,structured
5244,struggle
5245,struggles
5246,struggling
5247,stuart
5248,stuck
5249,student
5250,students
5251,studied
5252,studio
5253,studios
5254,study
5255,stuff
5256,stuffed
5257,stumble
5258,stumbles
5259,stunning
5260,stunningly
5261,stunt
5262,stunts
5263,stupid
5264,stupidity
5265,sturdy
5266,sturges
5267,style
5268,styles
5269,stylish
5270,stylishness
5271,stylistic
5272,stylistically
5273,stylized
5274,sub
5275,subject
5276,subjects
5277,sublime
5278,submarine
5279,subpar
5280,subplot
5281,subplots
5282,subsequent
5283,substance
5284,substantial
5285,substantially
5286,substitute
5287,subtext
5288,subtle
5289,subtlety
5290,subtly
5291,suburban
5292,subversive
5293,succeed
5294,succeeds
5295,success
5296,successful
5297,successfully
5298,succession
5299,succumbs
5300,such
5301,sudden
5302,suddenly
5303,suffer
5304,suffering
5305,suffers
5306,sufficient
5307,sugar
5308,suggest
5309,suggesting
5310,suggestion
5311,suggestive
5312,suggests
5313,suit
5314,suitable
5315,suited
5316,suits
5317,sum
5318,summer
5319,sumptuous
5320,sums
5321,sun
5322,sundance
5323,sunday
5324,sunny
5325,super
5326,superb
5327,superbly
5328,superficial
5329,superficially
5330,superior
5331,superlative
5332,superman
5333,supernatural
5334,superstar
5335,supply
5336,support
5337,supporting
5338,suppose
5339,supposed
5340,supreme
5341,supremely
5342,sure
5343,surely
5344,surface
5345,surfaces
5346,surprise
5347,surprised
5348,surprises
5349,surprising
5350,surprisingly
5351,surreal
5352,surrounded
5353,surrounding
5354,survival
5355,survive
5356,survives
5357,susan
5358,suspect
5359,suspects
5360,suspend
5361,suspense
5362,suspenseful
5363,sustain
5364,sustained
5365,sustains
5366,sutherland
5367,swallow
5368,sweat
5369,sweep
5370,sweeping
5371,sweet
5372,sweetly
5373,sweetness
5374,swept
5375,swift
5376,swiftly
5377,sylvester
5378,symbolism
5379,sympathetic
5380,sympathies
5381,sympathize
5382,sympathy
5383,synthesis
5384,synthetic
5385,system
5386,table
5387,tabloid
5388,tacky
5389,tactics
5390,tail
5391,take
5392,taken
5393,takes
5394,taking
5395,tale
5396,talent
5397,talented
5398,talents
5399,tales
5400,talk
5401,talking
5402,talky
5403,tall
5404,tame
5405,tangle
5406,tangled
5407,tap
5408,tape
5409,tapestry
5410,tarantino
5411,target
5412,targets
5413,tart
5414,tarzan
5415,task
5416,taste
5417,tasteful
5418,tasteless
5419,tasty
5420,taut
5421,tawdry
5422,taxi
5423,taylor
5424,teacher
5425,teaching
5426,team
5427,teams
5428,tear
5429,tears
5430,tease
5431,tech
5432,techine
5433,technical
5434,technically
5435,technicians
5436,technique
5437,techniques
5438,techno
5439,technological
5440,technology
5441,ted
5442,tedious
5443,tedium
5444,teen
5445,teenage
5446,teenagers
5447,teens
5448,teeth
5449,television
5450,tell
5451,telling
5452,tells
5453,temple
5454,temptation
5455,tempted
5456,ten
5457,tend
5458,tendency
5459,tender
5460,tenderness
5461,tends
5462,tennant
5463,tense
5464,tension
5465,tepid
5466,term
5467,terminator
5468,terms
5469,terrain
5470,terrible
5471,terribly
5472,terrific
5473,terrifically
5474,terrifying
5475,territory
5476,terror
5477,terrorist
5478,terry
5479,test
5480,testament
5481,testimony
5482,texas
5483,text
5484,texture
5485,textured
5486,textures
5487,than
5488,thanks
5489,that
5490,the
5491,theater
5492,theaters
5493,theatre
5494,theatrical
5495,their
5496,them
5497,thematic
5498,thematically
5499,theme
5500,themed
5501,themes
5502,themselves
5503,then
5504,theory
5505,therapy
5506,there
5507,therefore
5508,these
5509,they
5510,thick
5511,thief
5512,thin
5513,thing
5514,things
5515,think
5516,thinking
5517,thinks
5518,third
5519,thirds
5520,this
5521,thomas
5522,thompson
5523,thornton
5524,thoroughly
5525,those
5526,though
5527,thought
5528,thoughtful
5529,thoughts
5530,thousand
5531,threads
5532,threatening
5533,three
5534,thrill
5535,thrilled
5536,thriller
5537,thrillers
5538,thrilling
5539,thrillingly
5540,thrills
5541,throat
5542,through
5543,throughout
5544,throw
5545,throwaway
5546,throwback
5547,throwing
5548,thrown
5549,throws
5550,thrust
5551,ticket
5552,tide
5553,tied
5554,ties
5555,tigger
5556,tight
5557,tightly
5558,till
5559,tillman
5560,tim
5561,time
5562,timed
5563,timeless
5564,timely
5565,times
5566,timid
5567,timing
5568,tin
5569,tingle
5570,tiny
5571,tired
5572,tiresome
5573,titanic
5574,title
5575,titles
5576,to
5577,today
5578,together
5579,told
5580,tolerance
5581,tom
5582,tommy
5583,tone
5584,toned
5585,tones
5586,tongue
5587,tony
5588,too
5589,took
5590,top
5591,topical
5592,toronto
5593,torture
5594,total
5595,totally
5596,touch
5597,touched
5598,touches
5599,touching
5600,touchy
5601,tough
5602,tour
5603,toward
5604,towards
5605,towering
5606,town
5607,towne
5608,toy
5609,toys
5610,track
5611,tract
5612,tracy
5613,trade
5614,tradition
5615,traditional
5616,tragedy
5617,tragic
5618,trailer
5619,train
5620,trained
5621,training
5622,trainspotting
5623,transcend
5624,transcends
5625,transfer
5626,transform
5627,transformation
5628,transformed
5629,transforms
5630,transition
5631,translated
5632,translation
5633,transparent
5634,transporting
5635,trap
5636,trapped
5637,trappings
5638,trash
5639,trashy
5640,travel
5641,traveled
5642,traveler
5643,travelogue
5644,travolta
5645,treasure
5646,treasures
5647,treat
5648,treated
5649,treatment
5650,treats
5651,trek
5652,tremendous
5653,tremendously
5654,trenchant
5655,triangle
5656,tribute
5657,trick
5658,tricks
5659,tricky
5660,tried
5661,tries
5662,trifle
5663,trilogy
5664,trio
5665,trip
5666,trips
5667,trite
5668,triumph
5669,triumphant
5670,triumphs
5671,trivial
5672,trot
5673,trouble
5674,troubled
5675,troubling
5676,truck
5677,true
5678,truer
5679,truffaut
5680,truly
5681,truman
5682,trust
5683,truth
5684,truths
5685,try
5686,trying
5687,tucker
5688,tune
5689,tunes
5690,turn
5691,turned
5692,turner
5693,turning
5694,turns
5695,tv
5696,tween
5697,twenty
5698,twice
5699,twilight
5700,twin
5701,twist
5702,twisted
5703,twists
5704,two
5705,twohy
5706,type
5707,types
5708,typical
5709,typically
5710,ugly
5711,ultimate
5712,ultimately
5713,ultra
5714,un
5715,unabashed
5716,unabashedly
5717,unable
5718,unapologetically
5719,unbearable
5720,unbelievable
5721,uncanny
5722,uncertain
5723,uncertainty
5724,uncharted
5725,uncle
5726,uncomfortable
5727,uncommonly
5728,uncompromising
5729,unconvincing
5730,undead
5731,undemanding
5732,undeniable
5733,undeniably
5734,under
5735,undercut
5736,underdog
5737,underlying
5738,underneath
5739,underrated
5740,understand
5741,understanding
5742,understands
5743,understated
5744,understatement
5745,underworld
5746,underwritten
5747,undiminished
5748,undistinguished
5749,uneasy
5750,uneven
5751,unexpected
5752,unexpectedly
5753,unfamiliar
5754,unfinished
5755,unflinching
5756,unfocused
5757,unfold
5758,unfolds
5759,unforgettable
5760,unfortunate
5761,unfortunately
5762,unfunny
5763,unhappy
5764,unholy
5765,unified
5766,uniformly
5767,unimaginable
5768,unimaginative
5769,uninhibited
5770,uninspired
5771,unintentional
5772,uninteresting
5773,uninvolving
5774,unique
5775,uniquely
5776,universal
5777,universally
5778,universe
5779,unknown
5780,unless
5781,unlike
5782,unlikely
5783,unmistakable
5784,unnecessary
5785,unnerving
5786,unoriginal
5787,unpleasant
5788,unpredictable
5789,unpretentious
5790,unreal
5791,unrelenting
5792,unsatisfying
5793,unsentimental
5794,unsettling
5795,unsympathetic
5796,until
5797,unusual
5798,unusually
5799,unwatchable
5800,up
5801,upbeat
5802,update
5803,updated
5804,uplifting
5805,upon
5806,upper
5807,uproarious
5808,uproariously
5809,ups
5810,urban
5811,urge
5812,urgency
5813,urgent
5814,us
5815,use
5816,used
5817,uses
5818,using
5819,usual
5820,usually
5821,utter
5822,utterly
5823,vacation
5824,vague
5825,vaguely
5826,valkyrie
5827,valley
5828,valuable
5829,value
5830,values
5831,vampire
5832,van
5833,vanessa
5834,vanity
5835,vanya
5836,variation
5837,variations
5838,varied
5839,variety
5840,various
5841,vast
5842,vastly
5843,ve
5844,veering
5845,veers
5846,vegas
5847,vehicle
5848,vein
5849,vengeance
5850,ventura
5851,venture
5852,verbal
5853,verhoeven
5854,versatile
5855,version
5856,versions
5857,vertigo
5858,verve
5859,very
5860,veteran
5861,via
5862,vibes
5863,vibrant
5864,vice
5865,vicious
5866,vicky
5867,victim
5868,victims
5869,victor
5870,victoria
5871,victory
5872,video
5873,videos
5874,vietnam
5875,view
5876,viewed
5877,viewer
5878,viewers
5879,viewing
5880,viewings
5881,views
5882,vignettes
5883,vigor
5884,vigorous
5885,vigorously
5886,vile
5887,village
5888,villain
5889,villains
5890,vincent
5891,vintage
5892,violence
5893,violent
5894,virtual
5895,virtually
5896,virtue
5897,virtues
5898,virtuosity
5899,virtuoso
5900,visceral
5901,viscerally
5902,visible
5903,vision
5904,visionary
5905,visions
5906,visit
5907,vistas
5908,visual
5909,visually
5910,visuals
5911,vital
5912,vitality
5913,vivid
5914,vividly
5915,voice
5916,voices
5917,voight
5918,volatile
5919,voltage
5920,volumes
5921,vote
5922,voyage
5923,vs
5924,vu
5925,vulgar
5926,vulgarity
5927,vulnerability
5928,vulnerable
5929,wacky
5930,wag
5931,wait
5932,waiting
5933,wake
5934,waking
5935,walk
5936,walking
5937,wall
5938,wallace
5939,waller
5940,wallop
5941,wallow
5942,walls
5943,walt
5944,walter
5945,wan
5946,wander
5947,wanna
5948,want
5949,wanted
5950,wanting
5951,wants
5952,war
5953,ward
5954,warm
5955,warming
5956,warmth
5957,warner
5958,warrior
5959,warriors
5960,wars
5961,wary
5962,was
5963,washington
5964,wasn
5965,waste
5966,wasted
5967,wastes
5968,watch
5969,watchable
5970,watched
5971,watching
5972,water
5973,waterboy
5974,waters
5975,wave
5976,way
5977,wayans
5978,wayne
5979,ways
5980,we
5981,weak
5982,weakness
5983,weaknesses
5984,wealth
5985,weapon
5986,wear
5987,wearing
5988,wears
5989,weary
5990,weaver
5991,weaves
5992,web
5993,wedding
5994,week
5995,weekend
5996,weeks
5997,weepie
5998,weight
5999,weird
6000,weirdly
6001,weirdness
6002,welcome
6003,well
6004,welles
6005,wells
6006,went
6007,were
6008,weren
6009,west
6010,western
6011,westerns
6012,whale
6013,what
6014,whatever
6015,whatsoever
6016,wheel
6017,when
6018,whenever
6019,where
6020,whether
6021,which
6022,while
6023,whimsical
6024,whimsy
6025,white
6026,whiz
6027,who
6028,whodunit
6029,whole
6030,wholesome
6031,wholly
6032,whom
6033,whose
6034,why
6035,wicked
6036,wickedly
6037,wide
6038,widely
6039,wider
6040,wife
6041,wild
6042,wilde
6043,wilder
6044,wilderness
6045,wildly
6046,will
6047,william
6048,williams
6049,williamson
6050,willing
6051,willingness
6052,willis
6053,win
6054,wind
6055,window
6056,winds
6057,winner
6058,winning
6059,wins
6060,winslet
6061,winsome
6062,winter
6063,wire
6064,wisdom
6065,wise
6066,wisecracks
6067,wisely
6068,wish
6069,wishes
6070,wispy
6071,wistful
6072,wit
6073,witch
6074,with
6075,witherspoon
6076,within
6077,without
6078,witless
6079,witness
6080,witted
6081,wittier
6082,witty
6083,wives
6084,wizard
6085,wizardry
6086,woefully
6087,wolf
6088,wolfe
6089,woman
6090,women
6091,won
6092,wonder
6093,wonderful
6094,wonderfully
6095,wondering
6096,wonderland
6097,wonders
6098,wondrous
6099,wong
6100,woo
6101,wood
6102,wooden
6103,woody
6104,word
6105,words
6106,work
6107,worked
6108,worker
6109,workers
6110,working
6111,workmanlike
6112,works
6113,world
6114,worlds
6115,worn
6116,worry
6117,worse
6118,worst
6119,worth
6120,worthwhile
6121,worthy
6122,would
6123,wouldn
6124,wound
6125,woven
6126,wow
6127,wrap
6128,wrapped
6129,wraps
6130,wrath
6131,wreck
6132,wrenching
6133,wrenchingly
6134,wrestling
6135,wring
6136,write
6137,writer
6138,writers
6139,writing
6140,written
6141,wrong
6142,wrote
6143,wrought
6144,wry
6145,wyler
6146,yards
6147,yarn
6148,yawn
6149,year
6150,yearning
6151,years
6152,yes
6153,yesterday
6154,yesteryear
6155,yet
6156,yields
6157,york
6158,you
6159,young
6160,younger
6161,youngsters
6162,your
6163,yourself
6164,youth
6165,youthful
6166,zaillian
6167,zeal
6168,zeitgeist
6169,zemeckis
6170,zero
6171,zippy
6172,zombie
6173,zone
